{"cameraMode":{"drawMode":0,"name":"Shaded","section":"Shading Mode"},"sceneLighting":true,"audioPlay":false,"sceneViewState":{"m_AlwaysRefresh":false,"showFog":true,"showSkybox":true,"showFlares":true,"showImageEffects":true,"showParticleSystems":true,"showVisualEffectGraphs":true,"m_FxEnabled":true},"in2DMode":false,"pivot":{"x":1.069169521331787,"y":2.1892261505126955,"z":89.9682388305664},"rotation":{"x":0.028140490874648095,"y":0.057542651891708377,"z":0.001624028431251645,"w":-0.9979563355445862},"size":5.155263423919678,"orthographic":false}